{"classification_report": {"0": {"precision": 0.9058823529411765, "recall": 0.7439613526570048, "f1-score": 0.8169761273209549, "support": 1035.0}, "1": {"precision": 0.5259391771019678, "recall": 0.786096256684492, "f1-score": 0.630225080385852, "support": 374.0}, "accuracy": 0.7551454932576295, "macro avg": {"precision": 0.7159107650215721, "recall": 0.7650288046707484, "f1-score": 0.7236006038534035, "support": 1409.0}, "weighted avg": {"precision": 0.8050315738326853, "recall": 0.7551454932576295, "f1-score": 0.7674055868285997, "support": 1409.0}}, "auc_score": 0.838308920406107}